<?xml version="1.0" encoding="UTF-8"?>
<ApexPage xmlns="http://soap.sforce.com/2006/04/metadata">
    <apiVersion>46.0</apiVersion>
    <availableInTouch>false</availableInTouch>
    <confirmationTokenRequired>false</confirmationTokenRequired>
    <label>RupeeSymbol</label>
    <packageVersions>
        <majorNumber>8</majorNumber>
        <minorNumber>0</minorNumber>
        <namespace>FSL</namespace>
    </packageVersions>
    <packageVersions>
        <majorNumber>13</majorNumber>
        <minorNumber>2</minorNumber>
        <namespace>rh2</namespace>
    </packageVersions>
    <packageVersions>
        <majorNumber>1</majorNumber>
        <minorNumber>7</minorNumber>
        <namespace>sf_com_apps</namespace>
    </packageVersions>
</ApexPage>
