<?xml version="1.0" encoding="UTF-8"?>
<LightningComponentBundle xmlns="http://soap.sforce.com/2006/04/metadata">
    <apiVersion>47.0</apiVersion>
    <isExposed>true</isExposed>


    <targets>
        <target>lightning__AppPage</target>
        <target>lightning__RecordPage</target>
        <target>lightning__HomePage</target>
        <target>lightning__Tab</target>        
    </targets>


   
<targetConfigs>
        <targetConfig targets="lightning__AppPage, lightning__RecordPage, lightning__HomePage">
            
            <property name="sObject" type="String" default="" label="Enter the sObject : " datasource="apex://sObjectsListForLWC"/>
            <property name="Fields" type="String" default="" label="Enter the Fields : " />
            <property name="LIMIT" type="String" default="" label="LIMIT : " />

            <property name="OrderBy" type="String" default="" label="ORDER BY : " />

            <property name="EnableFlow" type="boolean" label="Enable Flow : "/>
            <property name="FlowName" type="String" default="" label="Flow Name : " datasource="apex://FlowNamesForGenericDataTable"/>

            <property name="EnableSorting" type="boolean" default="true" label="Enable Sorting : " />


        </targetConfig>
      </targetConfigs>

</LightningComponentBundle>